{"minzoom":0,"maxzoom":8,"center":[-76.640625,39.366164,8.0],"bounds":[-180.0,17.674397,180.0,71.389214]}