{"minzoom":0,"maxzoom":9,"center":[-66.445313,18.312489,9.0],"bounds":[-180.0,17.674397,180.0,71.389214]}